status,report_number,sample_id,report_date,product,coffee_name,lab,matrix,possible_tracker_match
Not found in tracker,,,,BALANCE,Coffee sample Water content (%) Instrumental color Color by Agtron scale Caffeine (g/100g) Trigonelline (g/100g),Eurofins (inferred),roasted,
Not found in tracker,RESEARCH-2023-01-ease,,2023-01-01,,Ease,Laboratorio de Quimica e Bioatividade de Alimentos & Nucleo de Pesquisa em Cafe Prof. Luiz Carlos Trugo (UFRJ),roasted,
Not found in tracker,RESEARCH-2023-01-calm,,2023-01-01,,Calm,Laboratorio de Quimica e Bioatividade de Alimentos & Nucleo de Pesquisa em Cafe Prof. Luiz Carlos Trugo (UFRJ),roasted,
Not found in tracker,RESEARCH-2023-01-flow,,2023-01-01,,Flow,Laboratorio de Quimica e Bioatividade de Alimentos & Nucleo de Pesquisa em Cafe Prof. Luiz Carlos Trugo (UFRJ),roasted,
Not found in tracker,4227190-0,13309733,2023-09-22,PROTECT,PROTECT 2023-24 Nutrition,Eurofins (inferred),,
Not found in tracker,4227189-0,13309728,2023-09-22,FLOW,FLOW 2023-24 Nutrition,Eurofins (inferred),,
Not found in tracker,4227101-0,13310139,2023-09-22,PROTECT,PROTECT 2023-24 Contaminants,Eurofins (inferred),,
Not found in tracker,4231208-0,13309737,2023-09-27,FLOW,FLOW 2023-24 Contaminants,Eurofins (inferred),,
Not found in tracker,4231209-0,13309737,2023-09-27,FLOW,FLOW 2023-24 Contaminants,Eurofins (inferred),,
Not found in tracker,4265998-0,13416430,2023-10-26,BALANCE,BALANCE 2023-24 Nutrition 2,Eurofins (inferred),roasted,
Not found in tracker,4268059-0,13416411,2023-10-27,CALM,CALM 2023-24 Contaminants,Eurofins (inferred),roasted,
Not found in tracker,4268060-0,13416426,2023-10-27,BALANCE,BALANCE 2023-24 Contaminants 2,Eurofins (inferred),roasted,
Not found in tracker,4582334-0,14296522,2024-07-30,FLOW,Pocket Purity FLOW,Eurofins (inferred),roasted,
Not found in tracker,RESEARCH-2024-10-calm,,2024-10-04,,Calm,Laboratorio de Quimica e Bioatividade de Alimentos & Nucleo de Pesquisa em Cafe Prof. Luiz Carlos Trugo (UFRJ),roasted,
Not found in tracker,RESEARCH-2024-10-flow,,2024-10-04,,Flow,Laboratorio de Quimica e Bioatividade de Alimentos & Nucleo de Pesquisa em Cafe Prof. Luiz Carlos Trugo (UFRJ),roasted,
Not found in tracker,RESEARCH-2024-10-ease,,2024-10-04,,Ease,Laboratorio de Quimica e Bioatividade de Alimentos & Nucleo de Pesquisa em Cafe Prof. Luiz Carlos Trugo (UFRJ),roasted,
Not found in tracker,4709941-0,14676470,2024-11-15,FLOW,FLOW,Eurofins (inferred),roasted,
Not found in tracker,4709942-0,14676473,2024-11-15,PROTECT,,Eurofins (inferred),roasted,
Not found in tracker,4710008-0,14676477,2024-11-15,CALM,CALM,Eurofins (inferred),roasted,
Not found in tracker,4709943-0,14676474,2024-11-15,BALANCE,,Eurofins (inferred),roasted,
Check: may already be in tracker,3596577-0,,2022-03-01,FLOW,Purity FLOW 2022,Eurofins (inferred),roasted,"901-2022-E000242 (2022-03-01, Eurofins); 901-2022-E000247 (2022-03-01, Eurofins)"
Check: may already be in tracker,3596579-0,,2022-03-01,CALM,Purity CALM 2022,Eurofins (inferred),roasted,"901-2022-E000244 (2022-03-01, Eurofins); 901-2022-E000250 (2022-03-01, Eurofins)"
Check: may already be in tracker,45845698-0,,2022-04-08,PROTECT,Purity PROTECT,Silliker / Merieux NutriSciences (Wisconsin Lab; Crete IL CHG),roasted,"901-2022-E000789 (2022-04-21, Eurofins); WIS-45845698-0 (2022-04-08, Mérieux)"
Check: may already be in tracker,3957436-0,12576578,2023-01-31,FLOW,FLOW- DON test,Eurofins (inferred),roasted,"Purity results - January - 2023.docx (re (2023-01-26, UFRJ (Farah))"
Check: may already be in tracker,CHG-49654978-1,,2025-08-26,FLOW,FLOW,Silliker / Mérieux NutriSciences,roasted,"CHG-49656184-0 (2025-08-27, Mérieux); CHG-49656108-0 (2025-08-27, Mérieux)"
Check: may already be in tracker,BRN-49871858-0,,2025-10-31,CALM,CALM,Silliker / Mérieux NutriSciences,roasted,"BRN-49871855-0 (2025-10-31, Mérieux)"
Check: may already be in tracker,BRN-49871856-0,,2025-10-31,EASE,EASE,Silliker / Mérieux NutriSciences,roasted,"BRN-49871855-0 (2025-10-31, Mérieux)"
Check: may already be in tracker,BRN-49871859-0,,2025-10-31,BALANCE,,Silliker / Mérieux NutriSciences,,"BRN-49871855-0 (2025-10-31, Mérieux)"
Check: may already be in tracker,BRN-49871857-0,,2025-10-31,PROTECT,,Silliker / Mérieux NutriSciences,roasted,"BRN-49871855-0 (2025-10-31, Mérieux)"
